{
    "preraid": {
        "hunter_bm": {
            "subjectMean": 1386.3231123384594,
            "subjectPetMean": 542.608550476714,
            "totalMean": 1928.9316628151732,
            "subjectMedian": 1386.8724862672466,
            "subjectPetMedian": 542.7178924846382,
            "totalMedian": 1929.5903787518848,
            "subjectSd": 53.871736423069166,
            "petSd": 23.76058889088042
        },
        "hunter_surv": {
            "subjectMean": 1143.923207204846,
            "subjectPetMean": 295.77329742226,
            "totalMean": 1439.696504627106,
            "subjectMedian": 1143.2199389626285,
            "subjectPetMedian": 295.84663494247485,
            "totalMedian": 1439.0665739051033,
            "subjectSd": 48.23627580229675,
            "petSd": 13.671785243344665
        },
        "mage_arcane": {
            "subjectMean": 1317.3318324234647,
            "subjectPetMean": 0.0,
            "totalMean": 1317.3318324234647,
            "subjectMedian": 1320.0347814802208,
            "subjectPetMedian": 0.0,
            "totalMedian": 1320.0347814802208,
            "subjectSd": 84.8533281755743,
            "petSd": 0.0
        },
        "mage_fire": {
            "subjectMean": 1753.3088894666519,
            "subjectPetMean": 0.0,
            "totalMean": 1753.3088894666519,
            "subjectMedian": 1753.3338521336905,
            "subjectPetMedian": 0.0,
            "totalMedian": 1753.3338521336905,
            "subjectSd": 81.01212783314998,
            "petSd": 0.0
        },
        "mage_frost": {
            "subjectMean": 1277.444253967496,
            "subjectPetMean": 104.8166854967474,
            "totalMean": 1382.2609394642434,
            "subjectMedian": 1276.1764779713296,
            "subjectPetMedian": 105.10260545445212,
            "totalMedian": 1381.2790834257817,
            "subjectSd": 54.35754661308513,
            "petSd": 8.380817663062443
        },
        "priest_shadow": {
            "subjectMean": 1149.7073875681524,
            "subjectPetMean": 8.920860087997948,
            "totalMean": 1158.6282476561503,
            "subjectMedian": 1150.1466598280813,
            "subjectPetMedian": 8.898580640953657,
            "totalMedian": 1159.045240469035,
            "subjectSd": 21.464488130909494,
            "petSd": 1.399770516727439
        },
        "rogue_assassination": {
            "subjectMean": 1419.0316289842747,
            "subjectPetMean": 0.0,
            "totalMean": 1419.0316289842747,
            "subjectMedian": 1418.4021222335055,
            "subjectPetMedian": 0.0,
            "totalMedian": 1418.4021222335055,
            "subjectSd": 53.72863593478384,
            "petSd": 0.0
        },
        "rogue_combat": {
            "subjectMean": 1618.762270914284,
            "subjectPetMean": 0.0,
            "totalMean": 1618.762270914284,
            "subjectMedian": 1618.4270358839817,
            "subjectPetMedian": 0.0,
            "totalMedian": 1618.4270358839817,
            "subjectSd": 59.42752943428684,
            "petSd": 0.0
        },
        "shaman_ele": {
            "subjectMean": 1587.9435720276217,
            "subjectPetMean": 0.0,
            "totalMean": 1587.9435720276217,
            "subjectMedian": 1588.113891967772,
            "subjectPetMedian": 0.0,
            "totalMedian": 1588.113891967772,
            "subjectSd": 65.34122519520506,
            "petSd": 0.0
        },
        "shaman_enh": {
            "subjectMean": 1575.541599958733,
            "subjectPetMean": 0.0,
            "totalMean": 1575.541599958733,
            "subjectMedian": 1575.3573489363253,
            "subjectPetMedian": 0.0,
            "totalMedian": 1575.3573489363253,
            "subjectSd": 76.9425331126628,
            "petSd": 0.0
        },
        "warlock_affliction_ruin": {
            "subjectMean": 1441.5803934976932,
            "subjectPetMean": 0.0,
            "totalMean": 1441.5803934976932,
            "subjectMedian": 1439.7082514096626,
            "subjectPetMedian": 0.0,
            "totalMedian": 1439.7082514096626,
            "subjectSd": 71.93604426203912,
            "petSd": 0.0
        },
        "warlock_destruction_fire": {
            "subjectMean": 1732.5503479040024,
            "subjectPetMean": 0.0,
            "totalMean": 1732.5503479040024,
            "subjectMedian": 1731.99620035089,
            "subjectPetMedian": 0.0,
            "totalMedian": 1731.99620035089,
            "subjectSd": 68.54798486105862,
            "petSd": 0.0
        },
        "warlock_destruction_shadow": {
            "subjectMean": 1754.8763630979165,
            "subjectPetMean": 0.0,
            "totalMean": 1754.8763630979165,
            "subjectMedian": 1754.7606202251807,
            "subjectPetMedian": 0.0,
            "totalMedian": 1754.7606202251807,
            "subjectSd": 96.4335282875696,
            "petSd": 0.0
        },
        "warrior_arms": {
            "subjectMean": 1501.116719855953,
            "subjectPetMean": 0.0,
            "totalMean": 1501.116719855953,
            "subjectMedian": 1503.0433523264164,
            "subjectPetMedian": 0.0,
            "totalMedian": 1503.0433523264164,
            "subjectSd": 95.94817089139612,
            "petSd": 0.0
        },
        "warrior_fury": {
            "subjectMean": 1745.4421346702297,
            "subjectPetMean": 0.0,
            "totalMean": 1745.4421346702297,
            "subjectMedian": 1745.2946621705607,
            "subjectPetMedian": 0.0,
            "totalMedian": 1745.2946621705607,
            "subjectSd": 90.10627480110057,
            "petSd": 0.0
        }
    },
    "phase1": {
        "hunter_bm": {
            "subjectMean": 1436.0572704730514,
            "subjectPetMean": 541.4707518502582,
            "totalMean": 1977.5280223233096,
            "subjectMedian": 1436.9967047663154,
            "subjectPetMedian": 541.2745958519506,
            "totalMedian": 1978.271300618266,
            "subjectSd": 60.9882293989059,
            "petSd": 23.89710752341857
        },
        "hunter_surv": {
            "subjectMean": 1212.29995135439,
            "subjectPetMean": 299.4359063978959,
            "totalMean": 1511.735857752286,
            "subjectMedian": 1211.5943923399132,
            "subjectPetMedian": 299.25005113466585,
            "totalMedian": 1510.844443474579,
            "subjectSd": 52.6962653699406,
            "petSd": 13.775899570844535
        },
        "mage_arcane": {
            "subjectMean": 1503.9585153817973,
            "subjectPetMean": 0.0,
            "totalMean": 1503.9585153817973,
            "subjectMedian": 1503.7401663838616,
            "subjectPetMedian": 0.0,
            "totalMedian": 1503.7401663838616,
            "subjectSd": 64.7189220306935,
            "petSd": 0.0
        },
        "mage_fire": {
            "subjectMean": 1802.5251790650561,
            "subjectPetMean": 0.0,
            "totalMean": 1802.5251790650561,
            "subjectMedian": 1801.5012326897797,
            "subjectPetMedian": 0.0,
            "totalMedian": 1801.5012326897797,
            "subjectSd": 83.3937416952796,
            "petSd": 0.0
        },
        "mage_frost": {
            "subjectMean": 1325.7434455842008,
            "subjectPetMean": 104.83925558426725,
            "totalMean": 1430.582701168468,
            "subjectMedian": 1324.9633321380074,
            "subjectPetMedian": 105.10714873416579,
            "totalMedian": 1430.0704808721732,
            "subjectSd": 56.03938638562838,
            "petSd": 8.507219211461361
        },
        "rogue_assassination": {
            "subjectMean": 1549.4315773666,
            "subjectPetMean": 0.0,
            "totalMean": 1549.4315773666,
            "subjectMedian": 1549.3102913320645,
            "subjectPetMedian": 0.0,
            "totalMedian": 1549.3102913320645,
            "subjectSd": 58.60236801257273,