{"preraid":{"hunter_bm":{"subjectMean":1462.9344207528563,"subjectPetMean":529.4330503785915,"totalMean":1992.367471131448,"subjectMedian":1462.635907807551,"subjectPetMedian":529.4549973948539,"totalMedian":1992.0909052024049,"subjectSd":47.77374085938628,"petSd":22.600870645797006},"hunter_surv":{"subjectMean":1317.9640323948206,"subjectPetMean":298.6315434641361,"totalMean":1616.5955758589566,"subjectMedian":1317.7160518591295,"subjectPetMedian":298.75356006199917,"totalMedian":1616.4696119211287,"subjectSd":48.898163404601235,"petSd":13.015611054118912},"mage_arcane":{"subjectMean":1326.5077582612817,"subjectPetMean":0.0,"totalMean":1326.5077582612817,"subjectMedian":1325.7565258483264,"subjectPetMedian":0.0,"totalMedian":1325.7565258483264,"subjectSd":94.1246491844009,"petSd":0.0},"mage_fire":{"subjectMean":1766.4492868341788,"subjectPetMean":0.0,"totalMean":1766.4492868341788,"subjectMedian":1775.2876815438526,"subjectPetMedian":0.0,"totalMedian":1775.2876815438526,"subjectSd":102.47997215828897,"petSd":0.0},"mage_frost":{"subjectMean":1230.9131725765003,"subjectPetMean":100.51559738420096,"totalMean":1331.4287699607012,"subjectMedian":1229.7795537942507,"subjectPetMedian":100.79884142075451,"totalMedian":1330.5783952150052,"subjectSd":52.388400316523686,"petSd":7.792271971812557},"rogue_assassination":{"subjectMean":1430.6571746879788,"subjectPetMean":0.0,"totalMean":1430.6571746879788,"subjectMedian":1430.1008522959137,"subjectPetMedian":0.0,"totalMedian":1430.1008522959137,"subjectSd":54.24984959626785,"petSd":0.0},"rogue_combat":{"subjectMean":1641.2152594247025,"subjectPetMean":0.0,"totalMean":1641.2152594247025,"subjectMedian":1640.6887514660834,"subjectPetMedian":0.0,"totalMedian":1640.6887514660834,"subjectSd":60.51347459721938,"petSd":0.0},"shaman_ele":{"subjectMean":1510.574854195525,"subjectPetMean":0.0,"totalMean":1510.574854195525,"subjectMedian":1510.334725800025,"subjectPetMedian":0.0,"totalMedian":1510.334725800025,"subjectSd":61.32594547154842,"petSd":0.0},"shaman_enh":{"subjectMean":1712.9905864267284,"subjectPetMean":0.0,"totalMean":1712.9905864267284,"subjectMedian":1712.4443048651603,"subjectPetMedian":0.0,"totalMedian":1712.4443048651603,"subjectSd":90.2337809550959,"petSd":0.0},"warlock_affliction_ruin":{"subjectMean":1395.0287515443642,"subjectPetMean":0.0,"totalMean":1395.0287515443642,"subjectMedian":1394.3459002701693,"subjectPetMedian":0.0,"totalMedian":1394.3459002701693,"subjectSd":69.21808538188881,"petSd":0.0},"warlock_affliction_ua":{"subjectMean":1295.748397303091,"subjectPetMean":0.0,"totalMean":1295.748397303091,"subjectMedian":1296.0722707050315,"subjectPetMedian":0.0,"totalMedian":1296.0722707050315,"subjectSd":42.60822200958078,"petSd":0.0},"warlock_destruction_fire":{"subjectMean":1671.3374079368373,"subjectPetMean":0.0,"totalMean":1671.3374079368373,"subjectMedian":1671.8106855452747,"subjectPetMedian":0.0,"totalMedian":1671.8106855452747,"subjectSd":64.60536374328274,"petSd":0.0},"warlock_destruction_shadow":{"subjectMean":1694.6044730268948,"subjectPetMean":0.0,"totalMean":1694.6044730268948,"subjectMedian":1694.0559824632198,"subjectPetMedian":0.0,"totalMedian":1694.0559824632198,"subjectSd":92.49517340844771,"petSd":0.0},"warrior_arms":{"subjectMean":1371.6034924324224,"subjectPetMean":0.0,"totalMean":1371.6034924324224,"subjectMedian":1372.8501956654663,"subjectPetMedian":0.0,"totalMedian":1372.8501956654663,"subjectSd":87.7246562821297,"petSd":0.0},"warrior_fury":{"subjectMean":1711.7138377189785,"subjectPetMean":0.0,"totalMean":1711.7138377189785,"subjectMedian":1711.7567953623636,"subjectPetMedian":0.0,"totalMedian":1711.7567953623636,"subjectSd":92.26350147685936,"petSd":0.0}}}