{"preraid":{"hunter_bm":{"subjectMean":1465.6292132465567,"subjectPetMean":520.2289316994996,"totalMean":1985.8581449460562,"subjectMedian":1465.8004994190223,"subjectPetMedian":520.2137072293813,"totalMedian":1986.0142066484036,"subjectSd":48.01779092977532,"petSd":24.936328063486428},"hunter_surv":{"subjectMean":1428.568480357333,"subjectPetMean":300.3116946006708,"totalMean":1728.8801749580039,"subjectMedian":1428.3821663789527,"subjectPetMedian":300.21367274510504,"totalMedian":1728.5958391240576,"subjectSd":52.790504672240594,"petSd":15.021426803358166},"shaman_ele":{"subjectMean":1536.1214381612417,"subjectPetMean":0.0,"totalMean":1536.1214381612417,"subjectMedian":1540.0027648925961,"subjectPetMedian":0.0,"totalMedian":1540.0027648925961,"subjectSd":73.00951103941485,"petSd":0.0},"shaman_enh":{"subjectMean":1781.1202520784761,"subjectPetMean":0.0,"totalMean":1781.1202520784761,"subjectMedian":1774.5643136187432,"subjectPetMedian":0.0,"totalMedian":1774.5643136187432,"subjectSd":135.9177997972483,"petSd":0.0},"warlock_affliction_ruin":{"subjectMean":1404.3537783223965,"subjectPetMean":0.0,"totalMean":1404.3537783223965,"subjectMedian":1404.2418376520718,"subjectPetMedian":0.0,"totalMedian":1404.2418376520718,"subjectSd":71.78151400857217,"petSd":0.0},"warlock_affliction_ua":{"subjectMean":1299.4867366722128,"subjectPetMean":0.0,"totalMean":1299.4867366722128,"subjectMedian":1299.7412704269393,"subjectPetMedian":0.0,"totalMedian":1299.7412704269393,"subjectSd":43.929034404846774,"petSd":0.0},"warlock_destruction_fire":{"subjectMean":1686.5150139878535,"subjectPetMean":0.0,"totalMean":1686.5150139878535,"subjectMedian":1686.4780201417418,"subjectPetMedian":0.0,"totalMedian":1686.4780201417418,"subjectSd":67.02206441617844,"petSd":0.0},"warlock_destruction_shadow":{"subjectMean":1781.8202972903537,"subjectPetMean":0.0,"totalMean":1781.8202972903537,"subjectMedian":1780.6849076901992,"subjectPetMedian":0.0,"totalMedian":1780.6849076901992,"subjectSd":97.55202902768808,"petSd":0.0},"warrior_arms":{"subjectMean":1381.2846440962553,"subjectPetMean":0.0,"totalMean":1381.2846440962553,"subjectMedian":1382.785436039815,"subjectPetMedian":0.0,"totalMedian":1382.785436039815,"subjectSd":97.89322224243958,"petSd":0.0},"warrior_fury":{"subjectMean":1804.0094322455805,"subjectPetMean":0.0,"totalMean":1804.0094322455805,"subjectMedian":1803.561344913518,"subjectPetMedian":0.0,"totalMedian":1803.561344913518,"subjectSd":98.50705053649757,"petSd":0.0}}}