{
    "preraid": {
        "hunter_bm": {
            "subjectMean": 1367.2255516257599,
            "subjectPetMean": 542.5431062672475,
            "totalMean": 1909.7686578930075,
            "subjectMedian": 1367.070839896086,
            "subjectPetMedian": 542.6960166960976,
            "totalMedian": 1909.7668565921836,
            "subjectSd": 53.12405685581599,
            "petSd": 23.839209870168137
        },
        "hunter_surv": {
            "subjectMean": 1142.6645445150393,
            "subjectPetMean": 295.55124853669747,
            "totalMean": 1438.215793051737,
            "subjectMedian": 1142.2957850857306,
            "subjectPetMedian": 295.40571982670207,
            "totalMedian": 1437.7015049124327,
            "subjectSd": 48.5634692998413,
            "petSd": 13.557393969056095
        },
        "mage_arcane": {
            "subjectMean": 1315.7560704152056,
            "subjectPetMean": 0.0,
            "totalMean": 1315.7560704152056,
            "subjectMedian": 1318.6665803277165,
            "subjectPetMedian": 0.0,
            "totalMedian": 1318.6665803277165,
            "subjectSd": 84.80728120303968,
            "petSd": 0.0
        },
        "mage_fire": {
            "subjectMean": 1754.0787471308086,
            "subjectPetMean": 0.0,
            "totalMean": 1754.0787471308086,
            "subjectMedian": 1752.971929943646,
            "subjectPetMedian": 0.0,
            "totalMedian": 1752.971929943646,
            "subjectSd": 80.44940066078098,
            "petSd": 0.0
        },
        "mage_frost": {
            "subjectMean": 1192.1314117268364,
            "subjectPetMean": 100.36016740102372,
            "totalMean": 1292.4915791278602,
            "subjectMedian": 1191.497751300124,
            "subjectPetMedian": 100.69544177169985,
            "totalMedian": 1292.1931930718238,
            "subjectSd": 50.833175170027005,
            "petSd": 7.903024070651175
        },
        "rogue_assassination": {
            "subjectMean": 1419.396335398874,
            "subjectPetMean": 0.0,
            "totalMean": 1419.396335398874,
            "subjectMedian": 1419.2292192972131,
            "subjectPetMedian": 0.0,
            "totalMedian": 1419.2292192972131,
            "subjectSd": 54.419680385458115,
            "petSd": 0.0
        },
        "rogue_combat": {
            "subjectMean": 1618.3926114006229,
            "subjectPetMean": 0.0,
            "totalMean": 1618.3926114006229,
            "subjectMedian": 1617.2903818826949,
            "subjectPetMedian": 0.0,
            "totalMedian": 1617.2903818826949,
            "subjectSd": 60.91477402547327,
            "petSd": 0.0
        },
        "shaman_ele": {
            "subjectMean": 1588.7647711999057,
            "subjectPetMean": 0.0,
            "totalMean": 1588.7647711999057,
            "subjectMedian": 1588.657423818181,
            "subjectPetMedian": 0.0,
            "totalMedian": 1588.657423818181,
            "subjectSd": 63.34320298455684,
            "petSd": 0.0
        },
        "shaman_enh": {
            "subjectMean": 1574.461601820471,
            "subjectPetMean": 0.0,
            "totalMean": 1574.461601820471,
            "subjectMedian": 1574.7861245557638,
            "subjectPetMedian": 0.0,
            "totalMedian": 1574.7861245557638,
            "subjectSd": 76.95165846783432,
            "petSd": 0.0
        },
        "warlock_affliction_ruin": {
            "subjectMean": 1442.3060441807502,
            "subjectPetMean": 0.0,
            "totalMean": 1442.3060441807502,
            "subjectMedian": 1441.9148153592168,
            "subjectPetMedian": 0.0,
            "totalMedian": 1441.9148153592168,
            "subjectSd": 72.28597733278261,
            "petSd": 0.0
        },
        "warlock_destruction_fire": {
            "subjectMean": 1732.0938943849028,
            "subjectPetMean": 0.0,
            "totalMean": 1732.0938943849028,
            "subjectMedian": 1732.4590208904967,
            "subjectPetMedian": 0.0,
            "totalMedian": 1732.4590208904967,
            "subjectSd": 68.09521548014092,
            "petSd": 0.0
        },
        "warlock_destruction_shadow": {
            "subjectMean": 1755.9968811061315,
            "subjectPetMean": 0.0,
            "totalMean": 1755.9968811061315,
            "subjectMedian": 1756.291356450321,
            "subjectPetMedian": 0.0,
            "totalMedian": 1756.291356450321,
            "subjectSd": 97.46617926984499,
            "petSd": 0.0
        },
        "warrior_arms": {
            "subjectMean": 1498.9855581866066,
            "subjectPetMean": 0.0,
            "totalMean": 1498.9855581866066,
            "subjectMedian": 1499.6435071812848,
            "subjectPetMedian": 0.0,
            "totalMedian": 1499.6435071812848,
            "subjectSd": 94.11534024161163,
            "petSd": 0.0
        },
        "warrior_fury": {
            "subjectMean": 1744.9587911434664,
            "subjectPetMean": 0.0,
            "totalMean": 1744.9587911434664,
            "subjectMedian": 1745.2802778678279,
            "subjectPetMedian": 0.0,
            "totalMedian": 1745.2802778678279,
            "subjectSd": 91.68565057824772,
            "petSd": 0.0
        }
    },
    "phase1": {
        "hunter_bm": {
            "subjectMean": 1382.5646596114818,
            "subjectPetMean": 539.8570335913004,
            "totalMean": 1922.421693202782,
            "subjectMedian": 1382.3495216961983,
            "subjectPetMedian": 539.919504122062,
            "totalMedian": 1922.2690258182602,
            "subjectSd": 56.99015796611695,
            "petSd": 23.81101666935364
        },
        "hunter_surv": {
            "subjectMean": 1163.8373521083945,
            "subjectPetMean": 298.8277634812999,
            "totalMean": 1462.6651155896943,
            "subjectMedian": 1162.9139363423021,
            "subjectPetMedian": 298.7562339559206,
            "totalMedian": 1461.6701702982227,
            "subjectSd": 48.31119888893024,
            "petSd": 13.907723821748377
        },
        "mage_arcane": {
            "subjectMean": 1366.8781278122879,
            "subjectPetMean": 0.0,
            "totalMean": 1366.8781278122879,
            "subjectMedian": 1370.882905141119,
            "subjectPetMedian": 0.0,
            "totalMedian": 1370.882905141119,
            "subjectSd": 80.34507945245147,
            "petSd": 0.0
        },
        "mage_fire": {
            "subjectMean": 1788.017589721638,
            "subjectPetMean": 0.0,
            "totalMean": 1788.017589721638,
            "subjectMedian": 1787.9747883431733,
            "subjectPetMedian": 0.0,
            "totalMedian": 1787.9747883431733,
            "subjectSd": 82.48475767541271,
            "petSd": 0.0
        },
        "mage_frost": {
            "subjectMean": 1228.379395290497,
            "subjectPetMean": 100.57554416983741,
            "totalMean": 1328.9549394603346,
            "subjectMedian": 1227.4923572973994,
            "subjectPetMedian": 100.96365526939425,
            "totalMedian": 1328.4560125667936,
            "subjectSd": 53.02223086794942,
            "petSd": 7.844539000360664
        },
        "rogue_assassination": {
            "subjectMean": 1550.689220600217,
            "subjectPetMean": 0.0,
            "totalMean": 1550.689220600217,
            "subjectMedian": 1550.4447796332024,
            "subjectPetMedian": 0.0,
            "totalMedian": 1550.4447796332024,
            "subjectSd": 58.62047609024581,
            "petSd": 0.0
        },
        "rogue_combat": {
            "subjectMean": 1771.367903119142,
            "subjectPetMean": 0.0,
            "totalMean": 1771.367903119142,
            "subjectMedian": 1770.6299499608742,
            "subjectPetMedian": 0.0,
            "totalMedian": 1770.6299499608742,
            "subjectSd": 67.80209957442949,
            "petSd": 0.0
        },